nom,url,theme_origine
artisanstrategies,https://artisanstrategies.substack.com/,strategie
blackcanyonstrategies,https://blackcanyonstrategies.substack.com/,strategie
breakthroughbusinessstrategies,https://breakthroughbusinessstrategies.substack.com/,strategie
hitstrategies,https://hitstrategies.substack.com/,strategie
pathfinderstrategies,https://pathfinderstrategies.substack.com/,strategie
paysrevue,https://paysrevue.substack.com/,revue
philogeopolitique,https://philogeopolitique.substack.com/,geopolitique
protraderstrategies,https://protraderstrategies.substack.com/,strategie
revuedesliens,https://revuedesliens.substack.com/,revue
revueijafame,https://revueijafame.substack.com/,revue
seragstrategies,https://seragstrategies.substack.com/,strategie
stacksandstrategies,https://stacksandstrategies.substack.com/,strategie
startupstrategies,https://startupstrategies.substack.com/,strategie
unfoldingstrategies,https://unfoldingstrategies.substack.com/,strategie
breakthroughbusinessstrategies,https://breakthroughbusinessstrategies.substack.com/sitemap.xml,strategie
protraderstrategies,https://protraderstrategies.substack.com/sitemap.xml,strategie
unfoldingstrategies,https://unfoldingstrategies.substack.com/sitemap.xml,strategie
antifragilestrategies,https://antifragilestrategies.substack.com/,strategie
automatedtradingstrategies,https://automatedtradingstrategies.substack.com/,strategie
boletinrevuelto,https://boletinrevuelto.substack.com/,revue
fairleadstrategies,https://fairleadstrategies.substack.com/,strategie
gammastrategies,https://gammastrategies.substack.com/,strategie
globalcyberstrategies,https://globalcyberstrategies.substack.com/,strategie
granitestrategies,https://granitestrategies.substack.com/,strategie
intrinsiceconomies,https://intrinsiceconomies.substack.com/,economie
larevueia,https://larevueia.substack.com/,revue
lastrategieducafard,https://lastrategieducafard.substack.com/,strategie
luminarystrategies,https://luminarystrategies.substack.com/,strategie
newinstitutions,https://newinstitutions.substack.com/,institution
quirkglobalstrategies,https://quirkglobalstrategies.substack.com/,strategie
revuemmxxii,https://revuemmxxii.substack.com/,revue
revuewoman,https://revuewoman.substack.com/,revue
smctradingstrategies,https://smctradingstrategies.substack.com/,strategie
texturelarevue,https://texturelarevue.substack.com/,revue
thestyleriotrevue,https://thestyleriotrevue.substack.com/,revue
automatedtradingstrategies,https://automatedtradingstrategies.substack.com/sitemap.xml,strategie
boletinrevuelto,https://boletinrevuelto.substack.com/sitemap.xml,revue
granitestrategies,https://granitestrategies.substack.com/sitemap.xml,strategie
revuewoman,https://revuewoman.substack.com/sitemap.xml,revue
electiondaystrategies,https://electiondaystrategies.substack.com/,strategie
enyiastrategies,https://enyiastrategies.substack.com/,strategie
growthstrategies,https://growthstrategies.substack.com/,strategie
kmkglobalstrategies,https://kmkglobalstrategies.substack.com/,strategie
larevue,https://larevue.substack.com/,revue
logisticsstrategies,https://logisticsstrategies.substack.com/,strategie
pinnaclestrategies,https://pinnaclestrategies.substack.com/,strategie
quantifiedstrategies,https://quantifiedstrategies.substack.com/,strategie
riorevuelto,https://riorevuelto.substack.com/,revue
strategieprenestine,https://strategieprenestine.substack.com/,strategie
streamlinestrategies,https://streamlinestrategies.substack.com/,strategie
sustainablestrategies,https://sustainablestrategies.substack.com/,strategie
electiondaystrategies,https://electiondaystrategies.substack.com/sitemap.xml,strategie
enyiastrategies,https://enyiastrategies.substack.com/sitemap.xml,strategie
riorevuelto,https://riorevuelto.substack.com/sitemap.xml,revue
strategieprenestine,https://strategieprenestine.substack.com/sitemap.xml,strategie
b2bmarketingstrategies,https://b2bmarketingstrategies.substack.com/,strategie
creativstrategies,https://creativstrategies.substack.com/,strategie
dpippainstitutional,https://dpippainstitutional.substack.com/,institution
effectiveinstitutionsproject,https://effectiveinstitutionsproject.substack.com/,institution
hlfinancialstrategies,https://hlfinancialstrategies.substack.com/,strategie
institutionalremains,https://institutionalremains.substack.com/,institution
laurenbaliksalmanacandrevue,https://laurenbaliksalmanacandrevue.substack.com/,revue
nachhaltigestrategien,https://nachhaltigestrategien.substack.com/,strategie
ombrevuela,https://ombrevuela.substack.com/,revue
revueakki,https://revueakki.substack.com/,revue
serotoninstrategies,https://serotoninstrategies.substack.com/,strategie
swaimstrategies,https://swaimstrategies.substack.com/,strategie
tradinginvestingstrategies,https://tradinginvestingstrategies.substack.com/,strategie
unicornstrategies,https://unicornstrategies.substack.com/,strategie
swaimstrategies,https://swaimstrategies.substack.com/sitemap.xml,strategie
